Time_Sec;lateral;longitudinal;vertical;pitch;yaw;roll
109.15413547986432;0.0;-5.1;-0.0;-0.0;-0.1;-0.0
110.23255711078201;0.0;-5.1;-0.0;-0.0;-0.1;0.0
111.5608569244733;0.0;-5.1;-0.0;0.0;-0.0;-0.0
113.02067157120335;0.0;-5.1;-0.0;0.0;-0.0;-0.0
113.74400315291643;0.0;-5.1;-0.0;0.0;-0.0;-0.0
114.62515253427601;0.0;-5.1;-0.0;0.0;-0.0;-0.0
115.90084641475184;0.0;-5.0;0.0;0.0;-0.1;-0.1
116.33484536377966;0.0;-5.0;0.0;0.0;-0.1;-0.1
117.25544919505086;0.0;-5.0;0.0;0.0;-0.1;-0.1
118.08399264319497;0.0;-5.0;0.0;0.0;-0.1;-0.1
118.54429455883057;0.0;-5.0;0.0;0.0;-0.1;-0.1
119.89889733912959;0.0;-5.0;0.0;0.0;-0.1;-0.1
121.1219852863899;0.0;-5.0;0.0;0.0;-0.1;-0.1
122.055740600965;0.0;-5.0;0.0;0.0;-0.1;-0.1
122.83167811589354;0.0;-5.0;-0.0;0.0;-0.1;-0.0
123.75228194716475;0.0;-5.1;-0.0;0.0;-0.1;-0.0
124.62027984522048;0.0;-5.1;-0.0;0.0;-0.1;-0.0
125.5145807098839;0.0;-5.0;-0.0;0.0;-0.1;-0.0
126.32997267472412;0.0;-5.0;0.0;0.0;-0.1;-0.0
127.72402990493477;0.0;-5.0;0.0;-0.0;-0.1;-0.0
128.64463373620598;0.0;-5.0;0.0;-0.0;-0.1;-0.0
129.9071761333779;0.1;-5.0;0.1;0.0;-0.1;0.0
130.24911469927864;0.1;-4.8;0.1;0.0;-0.1;0.0
130.70941661491423;0.1;-4.8;0.1;0.0;-0.1;-0.0
132.9846232264845;-0.0;-4.0;0.1;0.1;-0.1;0.0
135.0888605551044;-0.0;-3.1;0.2;0.1;0.0;0.0
135.95685845316007;-0.0;-2.8;0.1;0.1;0.1;0.0
138.92909367983566;0.1;-1.8;0.1;0.1;0.0;-0.1
140.8623617255052;0.1;-0.8;0.1;0.1;0.0;-0.0
142.0854496727655;0.0;-0.3;0.1;0.0;-0.0;0.0
143.8608999187885;0.0;-0.2;0.1;0.0;-0.0;0.0
145.50483533177277;0.0;-0.2;0.1;0.0;-0.0;0.0
146.07034911383943;0.0;-0.2;0.1;0.0;-0.0;0.0
146.91204404528736;0.0;-0.2;0.1;0.0;-0.0;0.0
147.83264787655853;0.0;-0.2;0.1;0.0;-0.0;0.0
148.7401002245259;0.0;-0.1;0.1;0.0;-0.0;0.0
150.23936932116754;0.0;-0.1;0.1;0.0;-0.0;0.0
150.88379200305738;0.0;-0.1;0.1;0.0;-0.0;-0.0
152.1594858835332;0.0;-0.1;0.1;0.0;-0.0;-0.0
152.58033334925713;0.0;-0.1;0.1;0.0;0.0;-0.0
154.32948062867246;0.1;-0.1;0.1;0.0;-0.0;-0.0
155.6446289590599;0.0;-0.0;0.1;0.0;-0.0;-0.0
156.03917345817604;0.0;-0.0;0.1;0.0;-0.0;-0.0
157.05183767257444;0.1;-0.0;0.1;0.0;-0.0;-0.0
157.40692772177897;0.0;-0.0;0.1;0.0;-0.0;-0.0
158.69577308555873;0.0;-0.0;0.1;0.0;-0.0;0.0
159.15607500119427;0.1;-0.0;0.1;0.0;-0.0;0.0
160.02407289925;0.0;-0.0;0.1;0.0;-0.0;-0.0
161.36552419624513;0.0;-0.0;0.1;0.0;-0.0;-0.0
163.52236745808054;0.0;-0.0;0.1;0.0;-0.0;-0.0
164.78490985525252;0.0;-0.0;0.1;0.0;-0.0;-0.0
165.23206028758423;0.0;-0.0;0.1;0.0;-0.0;-0.0
166.57351158457936;0.0;-0.1;0.1;0.0;-0.0;-0.0
168.34896183060238;0.0;-0.1;0.1;0.0;-0.0;-0.0
169.24326269526588;0.0;-0.1;0.1;0.0;-0.0;-0.0
170.05865466010604;0.1;-0.0;0.1;0.0;-0.0;-0.0
171.36065150718966;0.1;-0.0;0.1;0.0;-0.0;-0.0
172.24180088854914;0.1;0.2;0.1;0.1;0.0;-0.0
173.71476701858307;0.1;0.7;0.2;0.1;0.0;-0.1
174.85894606602017;0.0;1.1;0.2;0.1;-0.0;-0.0
176.1609429131037;0.1;1.5;0.1;0.1;-0.0;-0.0
178.84384550709404;0.1;2.6;0.1;0.1;-0.0;0.0
180.10638790426603;0.1;3.3;0.1;0.1;-0.0;-0.0
182.55256379878665;0.1;3.9;0.0;0.1;-0.0;-0.0
185.35382974251178;0.1;5.3;0.2;0.1;-0.0;-0.1
186.70843252281085;0.1;5.7;0.1;0.1;0.0;-0.0
189.28612325037028;0.2;6.8;0.1;0.1;-0.0;-0.0
190.96951311326617;0.2;7.4;0.1;0.1;-0.0;0.0
193.27102269144413;0.1;8.2;0.1;0.1;-0.0;0.0
195.796107485788;0.2;9.2;0.1;0.1;0.0;-0.0
197.51895179859554;0.1;9.6;0.1;0.1;0.0;-0.0
198.83410012898298;0.1;9.6;0.1;0.1;0.0;-0.0
200.09664252615488;0.1;9.6;0.1;0.1;0.0;-0.0
201.50385123966942;0.1;8.6;0.0;0.2;0.0;-0.0
202.58227287058708;0.2;8.2;-0.0;0.3;0.0;-0.0
204.50238943295275;0.2;6.9;-0.1;0.6;0.0;-0.1
206.75129307791525;0.1;5.7;-0.1;0.8;-0.0;-0.0
209.32898380547456;0.2;4.3;-0.1;1.1;0.0;-0.1
211.44637261739837;0.1;3.3;-0.1;1.3;-0.0;-0.0
214.05036631156545;0.1;1.9;-0.1;1.6;0.1;-0.0
215.9047254574117;0.0;0.7;-0.1;1.9;-0.0;-0.1
216.79902632207524;-0.0;0.1;-0.1;2.0;0.0;-0.1
219.50823188267327;-0.0;-1.2;-0.1;2.4;-0.0;-0.1
220.78392576314909;-0.0;-1.9;-0.1;2.4;-0.0;-0.0
224.16385697224473;-0.0;-4.1;-0.3;2.9;0.0;-0.1
227.24130406535136;-0.1;-5.6;-0.0;3.2;-0.0;-0.1
229.45075326040222;-0.1;-6.7;0.0;3.4;-0.0;-0.1
230.76590159078967;-0.1;-7.4;-0.0;3.6;-0.0;-0.0
233.0542596856638;-0.0;-8.6;0.1;3.8;0.0;-0.1
234.75080103186355;-0.2;-9.5;0.1;4.1;-0.0;-0.0
237.39424917594226;-0.1;-10.8;0.2;4.4;-0.0;-0.1
239.9456369368939;-0.1;-12.3;0.3;4.8;-0.0;-0.1
241.65532976639759;-0.1;-13.3;0.2;5.0;-0.0;-0.1
244.27247494386856;-0.0;-14.8;0.2;5.3;0.0;-0.1
245.587623274256;-0.2;-15.4;0.4;5.4;-0.1;-0.0
247.54719428653326;-0.1;-16.1;0.5;5.5;-0.1;-0.1
249.21743266612523;-0.2;-17.3;0.5;5.8;-0.1;-0.1
251.24276109492192;-0.1;-17.8;0.6;5.9;-0.1;-0.1
253.46536177327664;-0.1;-17.9;0.7;6.0;-0.1;-0.1
254.74105565375245;-0.2;-17.9;0.7;6.0;-0.3;-0.2
256.1877188171786;-0.2;-18.0;0.7;6.0;-0.4;-0.2
257.4239582477428;-0.2;-17.9;0.7;6.0;-0.6;-0.2
257.81850274685905;-0.2;-17.9;0.7;6.0;-0.6;-0.3
260.0148004586061;-0.1;-17.9;0.7;6.0;-0.7;-0.3
260.4093449577222;-0.2;-17.9;0.7;6.0;-0.7;-0.3
261.76394773802133;-0.1;-17.9;0.7;6.0;-0.7;-0.3
263.93394248316054;-0.1;-17.8;0.7;6.0;-0.8;-0.3
264.85454631443173;-0.2;-17.9;0.7;6.0;-0.8;-0.3
266.5510876606316;-0.1;-17.9;0.7;6.0;-0.8;-0.3
266.99823809296333;-0.2;-17.9;0.7;6.0;-0.8;-0.3
268.9315061386328;-0.1;-17.9;0.6;6.0;-0.8;-0.3
270.4965326517938;-0.1;-17.9;0.7;6.0;-0.8;-0.3
271.33822758324175;-0.1;-17.9;0.7;6.0;-0.8;-0.4
272.6796788802369;-0.1;-17.9;0.7;6.0;-0.8;-0.4
273.7449490278508;-0.1;-17.9;0.7;6.0;-0.8;-0.3
275.1521577413653;-0.1;-17.9;0.6;6.0;-0.8;-0.3
276.40154865523334;-0.1;-17.9;0.6;6.0;-0.8;-0.4
277.61148511918975;-0.1;-17.8;0.7;6.0;-0.8;-0.3
279.28172349878184;-0.1;-17.8;0.7;6.0;-0.8;-0.3
280.5574173792577;-0.2;-17.9;0.7;6.0;-0.8;-0.3
281.8594142263412;-0.1;-17.9;0.7;6.0;-0.8;-0.3
282.7011091577891;-0.2;-17.9;0.7;6.0;-0.8;-0.3
283.27977442315967;-0.2;-17.9;0.7;6.0;-0.8;-0.4
284.14777232121526;-0.1;-17.9;0.7;6.0;-0.7;-0.4
284.60807423685094;-0.1;-17.9;0.7;6.0;-0.7;-0.4
285.80485921750346;-0.2;-17.8;0.7;6.0;-0.8;-0.3
287.0937045812832;-0.2;-17.9;0.7;6.0;-0.8;-0.3
289.2636993264224;-0.2;-18.6;0.8;6.0;-0.9;-0.3
291.5389059379927;-0.2;-19.4;0.8;5.9;-0.9;-0.3
293.1959928342808;-0.2;-20.0;0.9;5.9;-1.0;-0.3
295.3528360961162;-0.1;-20.9;0.9;5.9;-1.0;-0.3
296.2339854774758;-0.1;-21.3;1.0;5.9;-1.0;-0.3
299.85064338604116;-0.2;-22.6;1.1;5.9;-0.9;-0.3
301.9285777480533;-0.2;-22.7;1.2;6.0;-0.9;-0.3
303.27002904504843;-0.2;-22.8;1.2;6.0;-0.9;-0.3
304.992873357856;-0.2;-22.8;1.2;6.0;-0.9;-0.3
305.9134771891272;-0.2;-22.8;1.2;6.0;-0.9;-0.3
307.1628681029953;-0.2;-22.9;1.2;6.0;-0.9;-0.4
308.50431939999044;-0.2;-22.8;1.2;6.0;-0.9;-0.3
309.3723172980462;-0.2;-22.8;1.2;6.0;-0.9;-0.4
311.62122094300867;-0.2;-22.8;1.2;6.0;-0.9;-0.3
313.30461080590464;-0.2;-22.9;1.2;6.0;-0.9;-0.3
314.2120631538719;-0.2;-22.8;1.2;6.0;-0.9;-0.4
315.4877570343477;-0.2;-22.8;1.2;6.0;-0.9;-0.4
317.2500557970668;-0.2;-22.8;1.2;6.0;-0.8;-0.4
318.57835561075814;-0.2;-22.8;1.2;6.0;-0.8;-0.4
319.8935039411456;-0.1;-22.9;1.2;6.0;-0.8;-0.4
321.208652271533;-0.1;-22.9;1.2;6.0;-0.8;-0.4
322.52380060192047;-0.2;-22.8;1.2;6.0;-0.8;-0.4
323.7994944823962;-0.2;-22.7;1.2;6.0;-0.9;-0.4
325.1014913294798;-0.1;-22.8;1.2;6.0;-0.9;-0.4
325.9826407108394;-0.1;-22.8;1.2;6.0;-0.8;-0.4
327.2977890412268;-0.2;-22.8;1.2;6.0;-0.8;-0.4
328.6129373716142;-0.2;-22.8;1.2;6.0;-0.8;-0.4
329.9280857020016;-0.2;-22.4;1.2;6.1;-0.9;-0.3
331.62462704820143;-0.2;-21.8;1.1;6.0;-0.9;-0.3
333.36062284431284;-0.2;-21.2;1.0;6.0;-1.0;-0.3
335.109770123728;-0.1;-20.5;1.0;6.0;-0.9;-0.3
337.4375826685138;-0.2;-19.7;0.9;6.0;-1.0;-0.3
339.60757741365313;-0.1;-18.8;0.9;6.0;-0.9;-0.2
342.15896517460465;-0.1;-18.0;0.7;6.0;-0.9;-0.3
344.43417178617494;-0.1;-17.9;0.7;6.0;-0.9;-0.3
344.77611035207576;-0.2;-17.9;0.7;6.0;-0.9;-0.3
347.41955849615437;-0.1;-17.8;0.6;6.0;-0.9;-0.3
348.74785830984575;-0.1;-17.9;0.7;6.0;-0.8;-0.4
349.6947651077246;-0.1;-17.9;0.7;6.0;-0.8;-0.4
350.0367036736254;-0.1;-17.9;0.7;6.0;-0.8;-0.4
350.87839860507336;-0.1;-17.9;0.7;6.0;-0.9;-0.3
353.6928160321024;-0.1;-17.9;0.7;6.0;-0.9;-0.3
354.44245058042327;-0.1;-17.9;0.7;6.0;-0.9;-0.4
355.7049929775952;-0.1;-17.8;0.7;6.0;-0.9;-0.4
357.0727472411981;-0.1;-17.8;0.8;6.0;-0.9;-0.3
358.3221381550661;-0.1;-17.8;0.7;6.0;-0.9;-0.4
359.65043796875744;-0.2;-17.8;0.7;6.0;-0.8;-0.3
360.531587350117;-0.1;-17.9;0.7;6.0;-0.9;-0.3
362.24128017962073;-0.2;-17.9;0.7;6.0;-0.9;-0.3
364.02988190894763;-0.2;-17.9;0.7;6.0;-0.9;-0.4
365.3055757894235;-0.1;-17.8;0.7;6.0;-0.9;-0.3
366.3445429704294;-0.1;-17.8;0.7;6.0;-0.9;-0.3
367.0415715855348;-0.1;-17.8;0.7;6.0;-0.9;-0.3
367.97532690010985;-0.1;-17.8;0.7;6.0;-0.9;-0.3
370.11901867864145;-0.1;-17.8;0.7;6.0;-0.8;-0.4
371.000168060001;-0.1;-17.9;0.7;6.0;-0.9;-0.4
372.2627104571729;-0.1;-17.9;0.7;6.0;-0.8;-0.4
373.60416175416805;-0.2;-17.9;0.7;6.0;-0.9;-0.3
375.32700606697557;-0.2;-17.9;0.7;6.0;-0.9;-0.4
376.1950039650313;-0.1;-17.8;0.7;6.0;-0.8;-0.4
377.16821372951796;-0.2;-17.8;0.8;6.0;-0.9;-0.4
378.87790655902165;-0.1;-17.9;0.7;6.0;-0.9;-0.3
380.17990340610515;-0.1;-17.9;0.7;6.0;-0.9;-0.3
382.2841407347251;-0.1;-17.9;0.7;6.0;-0.9;-0.4
383.2178960493001;-0.1;-17.9;0.7;6.0;-0.9;-0.3
384.9538918454116;-0.1;-17.9;0.7;6.0;-0.9;-0.4
385.8613441933789;-0.1;-17.9;0.7;6.0;-0.9;-0.4
387.1370380738547;-0.1;-17.8;0.8;6.0;-0.8;-0.4
388.5310953040654;-0.1;-17.9;0.7;6.0;-0.9;-0.3
389.76733473462957;-0.2;-18.0;0.6;6.0;-0.9;-0.3
391.3586642143983;-0.2;-18.0;0.6;6.0;-0.9;-0.4
391.8847235465533;-0.1;-17.9;0.7;6.0;-0.9;-0.4
393.2261748435485;-0.1;-17.8;0.7;6.0;-0.8;-0.4
394.7385954234941;-0.1;-17.9;0.7;6.0;-0.9;-0.3
396.3693793531744;-0.1;-17.9;0.7;5.9;-0.8;-0.4
397.3425891176612;-0.1;-17.9;0.7;6.0;-0.9;-0.3
398.51307113170594;-0.1;-17.9;0.7;6.0;-0.9;-0.4
400.2096124779057;-0.1;-17.8;0.7;6.0;-0.9;-0.3
401.49845784168537;-0.2;-17.8;0.7;6.0;-0.9;-0.3
402.8399091386806;-0.1;-17.9;0.7;6.0;-0.9;-0.3
404.12875450246025;-0.1;-17.8;0.7;6.0;-0.9;-0.3
404.9836009172121;-0.1;-17.8;0.7;6.0;-0.8;-0.4
405.4175998662399;-0.1;-17.9;0.7;6.0;-0.9;-0.3
407.6928064778102;-0.1;-17.9;0.7;6.0;-0.9;-0.4
408.9948033248937;-0.1;-17.9;0.7;6.0;-0.9;-0.4
410.24419423876174;-0.2;-17.9;0.7;6.0;-0.9;-0.4
411.73031185209953;-0.1;-17.9;0.7;6.0;-0.9;-0.4
413.28218688195676;-0.1;-17.9;0.7;6.0;-0.9;-0.4
415.07078861128366;-0.1;-17.9;0.7;6.0;-0.9;-0.4
416.01769540916257;-0.1;-17.9;0.7;6.0;-0.9;-0.4
417.227631873119;-0.1;-17.8;0.7;6.0;-0.9;-0.3
417.6747823054508;-0.1;-17.8;0.8;6.0;-0.9;-0.3
418.9767791525343;-0.2;-17.9;0.6;5.9;-1.0;-0.3
420.2919274829217;-0.2;-17.9;0.7;6.0;-1.0;-0.3
422.13313514546417;-0.2;-17.9;0.7;6.0;-0.9;-0.4
423.47458644245927;-0.2;-17.9;0.7;6.0;-0.9;-0.3
425.0659159222281;-0.2;-17.9;0.7;6.0;-0.9;-0.3
426.3942157359194;-0.2;-17.9;0.7;6.0;-0.9;-0.4
427.30166808388674;-0.2;-17.9;0.8;6.0;-0.8;-0.4
428.5905134476664;-0.1;-17.9;0.7;6.0;-0.9;-0.3
430.30020627717;-0.1;-17.9;0.7;6.0;-0.9;-0.3
430.78681115941345;-0.1;-17.9;0.7;6.0;-0.8;-0.4
432.36498915587833;-0.1;-17.9;0.7;6.0;-0.8;-0.4
433.8248038026083;-0.1;-17.9;0.7;6.0;-0.8;-0.4
434.6796502173602;-0.1;-17.9;0.6;5.9;-0.8;-0.4
436.84964496249944;-0.2;-17.9;0.6;6.0;-0.9;-0.3
438.29630812592563;-0.2;-17.9;0.7;6.0;-0.9;-0.3
439.6640623895285;-0.2;-17.9;0.7;6.0;-0.9;-0.4
441.22908890268957;-0.2;-17.9;0.7;6.0;-0.9;-0.4
442.5836916829886;-0.1;-17.8;0.8;6.0;-0.9;-0.4
443.9382944632877;-0.1;-17.8;0.8;6.0;-0.9;-0.4
445.14823092724413;-0.1;-17.9;0.7;5.9;-0.9;-0.4
446.515985190847;-0.1;-17.9;0.7;5.9;-0.9;-0.4
447.3971345722066;-0.1;-17.9;0.7;6.0;-0.9;-0.4
449.1199788850141;-0.1;-17.9;0.7;6.0;-0.8;-0.4
450.39567276548996;-0.1;-17.9;0.7;6.0;-0.9;-0.3
451.7108210958773;-0.1;-17.9;0.7;6.0;-0.8;-0.4
452.61827344384466;-0.1;-17.8;0.7;6.0;-0.9;-0.4
453.99917919075153;-0.2;-17.9;0.7;6.0;-0.9;-0.4
454.39372368986767;-0.2;-17.9;0.7;6.0;-0.9;-0.3
457.02402035064256;-0.2;-17.9;0.7;6.0;-0.9;-0.3
458.73371318014625;-0.2;-17.8;0.7;6.0;-0.9;-0.3
460.0488615105336;-0.1;-17.9;0.7;6.0;-0.9;-0.3
460.64067825920796;-0.1;-17.9;0.6;6.0;-0.9;-0.4
461.5349791238714;-0.1;-17.9;0.7;6.0;-0.9;-0.3
463.5077016194526;-0.2;-17.9;0.7;6.0;-0.9;-0.4
465.83551416423836;-0.1;-17.8;0.7;6.0;-0.9;-0.3
467.5189040271342;-0.1;-17.8;0.7;6.0;-0.9;-0.4
468.3605989585822;-0.1;-17.8;0.7;6.0;-0.9;-0.4
470.0702917880858;-0.2;-17.8;0.7;6.0;-0.9;-0.3
470.97774413605316;-0.1;-17.8;0.7;6.0;-0.9;-0.3
471.411743085081;-0.2;-17.9;0.7;6.0;-0.9;-0.3
473.13458739788854;-0.1;-17.8;0.7;6.0;-0.9;-0.3
474.91003764391155;-0.1;-17.8;0.7;6.0;-0.9;-0.3
475.73858109205565;-0.1;-17.9;0.7;6.0;-0.9;-0.3
477.1194868389624;-0.1;-17.9;0.7;6.0;-0.9;-0.4
478.39518071943826;-0.2;-17.9;0.7;6.0;-0.9;-0.3
480.1311765155496;-0.1;-17.9;0.7;6.0;-0.9;-0.3
481.40687039602545;-0.1;-17.9;0.7;5.9;-0.8;-0.3
482.7220187264129;-0.2;-17.9;0.7;6.0;-0.9;-0.3
484.45801452252425;-0.2;-17.9;0.7;6.0;-0.9;-0.4
485.37861835379545;-0.2;-17.9;0.7;6.0;-0.9;-0.3
486.3386766349783;-0.1;-17.9;0.7;6.0;-0.9;-0.3
487.5354616156309;-0.2;-17.8;0.7;6.0;-0.9;-0.4
488.8374584627144;-0.1;-17.9;0.7;6.0;-0.9;-0.3
490.25781865953286;-0.1;-17.9;0.7;6.0;-0.9;-0.4
491.54666402331253;-0.1;-17.9;0.7;6.0;-0.8;-0.4
492.8223579037883;-0.1;-17.9;0.7;6.0;-0.9;-0.3
494.4925962833803;-0.1;-17.9;0.7;6.0;-0.9;-0.4
495.4132001146515;-0.1;-17.8;0.7;6.0;-0.9;-0.3
496.517924712177;-0.1;-17.8;0.7;6.0;-0.9;-0.4
497.7015582095256;-0.1;-17.9;0.7;6.0;-0.9;-0.4
499.3060391725984;-0.1;-17.9;0.7;6.0;-0.9;-0.4
500.18718855395787;-0.1;-17.9;0.7;6.0;-0.9;-0.4
501.97579028328477;-0.1;-17.8;0.7;6.0;-0.9;-0.4
503.2383326804568;-0.1;-17.8;0.7;6.0;-0.8;-0.4
505.48723632541925;-0.1;-17.8;0.7;6.0;-0.8;-0.4
506.8155361391105;-0.2;-17.8;0.7;6.0;-0.8;-0.4
507.67038255386234;-0.2;-17.8;0.7;6.0;-0.9;-0.4
508.49892600200644;-0.1;-17.8;0.7;6.0;-0.9;-0.4
509.80092284908994;-0.2;-17.8;0.7;6.0;-0.9;-0.4
510.2612247647256;-0.1;-17.9;0.7;6.0;-0.9;-0.3
512.9572788420198;-0.1;-17.9;0.7;6.0;-0.9;-0.4
514.18036678928;-0.2;-17.8;0.7;6.0;-0.9;-0.4
515.9032111020877;-0.2;-17.9;0.7;6.0;-0.9;-0.4
517.1920564658674;-0.1;-17.9;0.7;6.0;-0.9;-0.4
518.5598107294702;-0.2;-17.9;0.7;6.0;-1.0;-0.3
519.8881105431616;-0.2;-17.9;0.7;6.0;-0.9;-0.4
521.1769559069412;-0.1;-17.8;0.7;6.0;-0.9;-0.4
522.4658012707209;-0.1;-17.8;0.8;6.0;-0.9;-0.3
523.8993129508433;-0.1;-17.9;0.7;6.0;-0.9;-0.3
525.2276127645346;-0.1;-17.8;0.7;6.0;-0.9;-0.4
526.3849432952754;-0.1;-17.8;0.7;6.0;-0.9;-0.5
527.2397897100273;-0.2;-17.8;0.8;6.0;-0.9;-0.4
528.5812410070225;-0.2;-17.8;0.7;6.0;-0.9;-0.4
530.0016012038409;-0.1;-17.8;0.7;6.0;-0.9;-0.4
532.0663840825491;-0.1;-17.8;0.7;6.0;-0.8;-0.4
532.9475334639087;-0.1;-17.8;0.7;6.0;-0.9;-0.4
533.8286828452683;-0.2;-17.8;0.7;6.0;-0.9;-0.4
535.5515271580757;-0.2;-17.8;0.7;6.0;-0.9;-0.3
537.7346733865189;-0.2;-17.8;0.7;6.0;-0.9;-0.3
538.1949753021545;-0.2;-17.8;0.7;6.0;-0.9;-0.3
539.9572740648737;-0.2;-17.8;0.7;6.0;-0.9;-0.4
542.5349647924331;-0.2;-17.8;0.7;6.0;-0.9;-0.4
543.8238101562127;-0.2;-17.9;0.8;6.0;-0.9;-0.4
545.1652614532079;-0.1;-17.9;0.7;6.0;-0.9;-0.3
546.9933176324464;-0.1;-17.9;0.7;6.0;-0.9;-0.3
547.7561036640711;-0.1;-17.9;0.7;6.0;-0.9;-0.4
549.0712519944586;-0.2;-17.9;0.7;6.0;-0.9;-0.4
551.228095256294;-0.2;-17.8;0.7;6.0;-0.9;-0.3
552.6221524865045;-0.2;-17.9;0.7;6.0;-0.9;-0.4
553.4506959346487;-0.2;-17.8;0.7;6.0;-0.9;-0.3
554.8052987149478;-0.2;-17.8;0.7;6.0;-0.9;-0.4
556.1204470453351;-0.1;-17.8;0.7;6.0;-0.9;-0.4
