Time_Sec;lateral;longitudinal;vertical;pitch;yaw;roll;rmse3d;rmse_temp
226.12913322743975;-0.0;0.1;0.1;-0.0;0.0;-0.0;0.7334827780723572;0.08540732383728028
226.19724221040923;-0.0;0.1;0.1;-0.0;0.0;-0.0;0.7221603393554688;0.09379737854003906
226.26334798799724;-0.0;0.1;0.1;-0.0;0.0;-0.0;0.7360450029373169;0.09399484634399415
226.29539927410053;-0.0;0.1;0.1;-0.0;0.0;-0.0;0.7467962503433228;0.09465924263000489
226.36250665437927;-0.0;0.1;0.1;-0.0;0.0;-0.0;0.72208172082901;0.09376395225524903
226.40056755662692;-0.0;0.1;0.1;-0.0;0.0;-0.0;0.721362292766571;0.09421984672546387
226.4646701288335;-0.0;0.1;0.1;0.0;0.0;-0.1;0.7493000626564026;0.0953859806060791
226.5628271925248;-0.0;0.0;0.0;0.0;0.0;-0.0;0.7326327562332153;0.0933659553527832
226.6279313674221;-0.0;0.0;0.0;0.0;0.0;-0.0;0.7718802094459534;0.10799518585205078
226.66398906428827;-0.0;0.0;0.0;0.0;0.0;-0.0;0.7629494071006775;0.11177226066589356
226.73109644456702;-0.0;0.0;0.0;-0.0;0.0;-0.0;0.7332545518875122;0.1151010513305664
226.82925350825832;-0.0;0.0;0.0;-0.0;0.0;-0.0;0.7261621356010437;0.10848798751831054
226.89836409391853;-0.0;0.0;0.0;-0.0;0.0;0.0;0.7500549554824829;0.107142333984375
226.96947788496018;-0.0;0.0;0.0;-0.0;0.0;0.0;0.7630080580711365;0.10822218894958496
227.0315772517853;-0.0;0.0;0.0;-0.0;0.0;0.0;0.742070734500885;0.11115513801574707
227.09668142668258;-0.0;0.1;0.0;0.0;-0.0;0.0;0.751903235912323;0.1113541603088379
227.1297343154766;-0.0;0.1;0.0;0.0;-0.0;0.0;0.7539969086647034;0.11394609451293945
227.2308961872401;-0.0;0.1;0.0;0.0;-0.0;0.0;0.7678098678588867;0.11376080513000489
227.29399715675592;-0.0;0.1;0.0;0.0;-0.0;0.0;0.7475828528404236;0.1191434097290039
227.36010293434396;-0.0;0.1;0.0;0.0;-0.0;0.0;0.7452743053436279;0.1135295295715332
227.4272103146227;-0.0;0.1;0.0;0.0;-0.0;0.0;0.7236776351928711;0.11398889541625977
227.49431769490144;-0.0;0.0;0.0;0.0;-0.0;0.0;0.7481573224067688;0.11437299728393555
227.56242667787092;-0.0;0.1;0.0;0.0;0.0;0.0;0.7549035549163818;0.11303850173950196
227.62853245545892;-0.0;0.1;0.0;0.0;0.0;0.0;0.7486714720726013;0.11207626342773437
227.69864464380987;-0.0;0.1;0.0;0.0;0.0;0.0;0.7376931309700012;0.10429736137390137
227.72969432722243;-0.0;0.1;0.0;0.0;-0.0;0.0;0.7452465295791626;0.10345219612121583
227.7947985021197;-0.0;0.1;0.0;0.0;0.0;0.0;0.7607414126396179;0.10941740036010743
227.826849788223;-0.0;0.1;0.0;0.0;0.0;-0.0;0.7842681407928467;0.10721745491027831
227.89495877119248;-0.0;0.1;0.0;0.0;0.0;-0.0;0.738890528678894;0.10368056297302246
227.96206615147122;-0.0;0.1;0.0;0.0;0.0;-0.0;0.7212537527084351;0.09955744743347168
227.99912545102814;-0.0;0.1;0.0;0.0;0.0;-0.0;0.8044509291648865;0.10555354118347168
228.02917353174996;-0.0;0.1;0.0;0.0;0.0;-0.0;0.7283452153205872;0.11465289115905762
228.09227450126582;-0.0;0.1;0.0;0.0;0.0;-0.0;0.7462177276611328;0.1222916316986084
228.161385086926;-0.0;0.1;0.0;0.0;0.0;-0.0;0.7495906949043274;0.11837058067321778
228.1934363730293;-0.0;0.1;0.0;0.0;0.0;-0.0;0.7417563796043396;0.12445559501647949
228.26054375330804;-0.0;0.1;0.0;0.0;0.0;-0.0;0.7994847893714905;0.1311761474609375
228.29459824479278;-0.0;0.1;0.0;0.0;0.0;-0.0;0.7533944249153137;0.13384756088256836
228.39275530848408;-0.0;0.1;0.0;0.0;0.0;-0.0;0.7529187202453613;0.14797090530395507
228.52296365827868;-0.0;0.1;0.0;-0.0;0.0;-0.0;0.7610674500465393;0.1690382766723633
228.55501494438195;-0.0;0.1;0.0;0.0;0.0;-0.0;0.7364079356193542;0.17056814193725586
228.6261287354236;-0.0;0.1;0.0;-0.0;0.0;-0.0;0.7571489214897156;0.18184370040893555
228.6912329103209;-0.0;0.1;0.0;-0.0;0.0;-0.0;0.7715572118759155;0.17637062072753906
228.7242857991149;-0.0;0.1;0.0;-0.0;0.0;-0.0;0.7382112145423889;0.17170541763305663
228.79139317939365;-0.0;0.1;0.0;-0.0;0.0;-0.0;0.743226170539856;0.16295263290405274
228.85549575160022;-0.0;0.1;0.0;-0.0;0.0;-0.0;0.738724946975708;0.15581501007080079
228.89155344846642;-0.0;0.1;0.0;-0.0;0.0;-0.0;0.7201781272888184;0.13819425582885742
228.955656020673;-0.0;0.1;0.0;-0.0;0.0;-0.0;0.7528870701789856;0.13190359115600586
229.02376500364247;0.0;-0.2;0.0;-0.0;0.0;-0.0;0.7590584754943848;0.12317913055419921
229.08886917853977;0.0;-0.6;0.1;-0.0;0.0;-0.0;0.8173277378082275;0.12265951156616212
229.1890294476125;-0.0;-1.0;0.0;-0.0;0.0;-0.0;0.8353862762451172;0.13474714279174804
229.28818811399455;-0.0;-1.7;0.1;-0.1;-0.0;0.0;0.8723609447479248;0.12721400260925292
229.42340447724277;-0.0;-2.1;0.0;-0.1;0.0;0.0;0.8813223242759705;0.1285509967803955
229.48951025483078;-0.1;-2.5;0.0;-0.1;0.0;0.0;0.8842852711677551;0.12842024803161622
229.58866892121281;-0.1;-3.0;-0.0;-0.1;0.0;0.0;0.8862845301628113;0.13495438575744628
229.71887727100741;-0.1;-3.7;-0.0;-0.1;0.0;0.0;0.8992874026298523;0.13302834510803221
229.8530920315649;-0.0;-4.3;-0.0;-0.1;0.0;-0.0;0.8857946991920471;0.12821873664855957
229.95225069794694;-0.0;-4.7;-0.0;-0.1;-0.0;-0.0;0.8952193260192871;0.12951876640319823
230.05441417240115;-0.0;-4.7;-0.0;-0.1;-0.0;-0.0;0.8933039307594299;0.11750045776367188
230.12252315537063;0.0;-4.7;0.0;-0.1;0.0;-0.0;0.9300263524055481;0.11423314094543457
230.18462252219572;0.0;-4.8;0.0;-0.1;0.0;-0.0;0.9122313261032104;0.1137764549255371
230.21767541098976;0.0;-4.8;0.0;-0.1;0.0;-0.0;0.9078697562217712;0.11274396896362304
230.2847827912685;0.0;-4.8;0.0;-0.1;0.0;-0.0;0.9187314510345459;0.1109861183166504
230.32084048813468;0.0;-4.8;0.0;-0.1;0.0;-0.0;0.9276084899902344;0.1115257453918457
230.38494306034124;0.0;-4.8;0.0;-0.1;0.0;-0.0;0.9021891951560974;0.11256597518920898
230.45104883792928;0.0;-4.8;0.0;-0.1;0.0;-0.0;0.894257128238678;0.11152193069458008
230.51815621820802;0.0;-4.8;0.0;-0.1;0.0;-0.0;0.9131119251251221;0.11136944770812988
230.5502075043113;0.0;-4.8;0.0;-0.1;0.0;-0.0;0.9121546745300293;0.11176220893859863
230.61731488459006;0.0;-4.8;0.0;-0.1;0.0;-0.0;0.8809645175933838;0.11201648712158203
230.65337258145624;0.0;-4.9;0.0;-0.1;0.0;-0.0;0.914122998714447;0.11144067764282227
230.71947835904427;0.0;-4.9;0.0;-0.1;0.0;-0.0;0.8941066861152649;0.1111457347869873
230.75152964514754;0.0;-4.9;0.0;-0.1;0.0;-0.0;0.9209735989570618;0.11095437049865722
230.81663382004484;0.0;-4.9;0.0;-0.1;0.0;-0.0;0.9240392446517944;0.11132669448852539
230.88474280301432;0.0;-4.8;0.0;-0.1;0.0;-0.0;0.8894647359848022;0.1114472770690918
230.94984697791162;0.0;-4.8;0.0;-0.1;0.0;-0.0;0.8947476744651794;0.1113437271118164
230.98490307208706;0.0;-4.8;0.0;-0.1;0.0;-0.0;0.9058993458747864;0.11201303482055663
231.05000724698436;0.0;-4.8;0.0;-0.1;0.0;-0.0;0.8955420255661011;0.11107083320617676
231.08306013577837;0.0;-4.8;0.0;-0.1;0.0;-0.0;0.8956949710845947;0.11087654113769531
231.14816431067567;0.0;-4.8;0.0;-0.1;0.0;-0.0;0.9095237255096436;0.11164508819580078
231.1822188021604;-0.0;-4.8;0.0;-0.1;0.0;-0.0;0.8757026195526123;0.11168529510498047
231.2483245797484;0.0;-4.8;0.0;-0.1;0.0;-0.0;0.8774417638778687;0.11120318412780762
231.31543196002718;0.0;-4.8;0.0;-0.1;0.0;-0.0;0.8937632441520691;0.11186883926391601
231.3815377376152;0.0;-4.8;0.0;-0.1;0.0;-0.0;0.8847595453262329;0.11105480194091796
231.41559222909993;0.0;-4.8;0.0;-0.1;0.0;-0.0;0.9237611293792725;0.32914005279541014
231.4837012120694;0.0;-4.8;0.0;-0.1;0.0;-0.0;0.9058147072792053;0.32321868896484374
231.5488053869667;0.0;-4.8;0.0;-0.1;0.0;-0.0;0.8905684947967529;0.3055810546875
231.61691436993618;0.0;-4.8;0.0;-0.1;0.0;-0.0;0.8945072293281555;0.2967808723449707
231.64796405334874;0.0;-4.8;0.0;-0.1;0.0;-0.0;0.9220776557922363;0.2899846267700195
231.71807624169966;0.0;-4.8;0.0;-0.1;0.0;-0.0;0.9020453095436096;0.2925138473510742
231.74612111704005;0.0;-4.8;0.0;-0.1;0.0;-0.0;0.9197636246681213;0.29321779251098634
231.8212413188446;0.0;-4.8;0.0;-0.1;0.0;-0.0;0.8951157331466675;0.3005293655395508
231.8462813861128;0.0;-4.8;0.0;-0.1;0.0;-0.0;0.9093239307403564;0.30068517684936524
231.915391971773;0.0;-4.8;0.0;-0.1;0.0;-0.0;0.9432693123817444;0.302824878692627
231.948444860567;0.0;-4.8;0.0;-0.1;0.0;-0.0;0.8773087859153748;0.29819515228271487
232.01455063815501;0.0;-4.8;0.0;-0.1;0.0;-0.0;0.9265976548194885;0.2835342216491699
232.08165801843379;0.0;-4.8;0.0;-0.1;0.0;-0.0;0.9427425265312195;0.27392507553100587
232.1117060991556;0.0;-4.8;0.0;-0.1;0.0;-0.0;0.904595673084259;0.272425594329834
232.17881347943435;-0.0;-4.6;0.1;-0.0;0.0;-0.0;0.8798910975456238;0.2637282371520996
232.24792406509457;-0.0;-4.3;0.0;-0.1;0.0;-0.0;0.9253355860710144;0.2551055145263672
232.34507952609513;-0.1;-3.7;0.0;-0.0;0.1;-0.0;0.8840659856796265;0.2547783088684082
232.4812974920341;-0.1;-3.1;0.1;-0.0;0.0;-0.0;0.8899017572402954;0.2414996337890625
232.58045615841613;-0.1;-2.7;0.1;0.0;-0.0;-0.0;0.8997795581817627;0.23491540908813477
232.6776116194167;-0.1;-2.3;0.1;0.0;0.0;-0.1;0.8961398601531982;0.23462753295898436
232.77777188848944;-0.0;-1.7;0.1;0.0;0.0;-0.0;0.8491893410682678;0.23077510833740233
232.87693055487148;-0.1;-1.1;0.0;-0.0;0.0;-0.0;0.8282196521759033;0.21144968032836914
233.01114531542896;-0.1;-0.5;0.1;0.0;0.0;0.0;0.7888109087944031;0.2061860466003418
233.110303981811;-0.1;0.0;0.1;-0.0;0.0;-0.0;0.7569059729576111;0.2027341079711914
233.2144706616467;-0.1;0.0;0.1;-0.0;0.0;-0.0;0.7511984705924988;0.20060815811157226
233.27957483654396;-0.1;0.1;0.1;-0.0;0.0;-0.0;0.7782350778579712;0.21705106735229493
233.30962291726578;-0.1;0.1;0.1;-0.0;0.0;-0.0;0.7278928160667419;0.22328392028808594
233.37572869485382;-0.1;0.1;0.1;-0.0;0.0;-0.0;0.742170512676239;0.22779586791992187
233.44283607513256;-0.1;0.1;0.1;-0.0;0.0;-0.0;0.7457969188690186;0.2420975685119629
233.47488736123586;-0.1;0.1;0.1;0.0;0.0;-0.0;0.7396480441093445;0.24487667083740233
233.54499954958678;-0.1;0.1;0.1;0.0;0.0;-0.0;0.7333155870437622;0.26312856674194335
233.60910212179334;-0.1;0.1;0.1;-0.0;0.0;-0.0;0.740494430065155;0.28038904190063474
233.67721110476282;-0.1;0.1;0.1;-0.0;0.0;-0.0;0.7491948008537292;0.278701057434082
233.7092623908661;-0.1;0.0;0.0;-0.0;0.1;-0.1;0.7316535115242004;0.27001846313476563
233.81242746801104;-0.1;0.0;0.0;-0.0;0.1;-0.1;0.7717292308807373;0.268738842010498
233.87452683483616;-0.1;0.0;0.0;-0.0;0.1;-0.1;0.7450249791145325;0.2676893424987793
233.90757972363016;-0.1;0.1;0.0;-0.0;0.1;-0.1;0.7485904097557068;0.27138935089111327
233.97769191198108;-0.1;0.1;0.0;-0.0;0.1;-0.1;0.7246140837669373;0.2704952812194824
234.00974319808438;-0.1;0.1;0.0;-0.0;0.1;-0.1;0.7496241927146912;0.27002433776855467
234.0758489756724;-0.1;0.1;0.1;-0.0;0.1;-0.1;0.7615993022918701;0.25462770462036133
234.1409531505697;-0.1;0.1;0.1;-0.0;0.1;-0.1;0.7526495456695557;0.23662569046020507
234.2140701469928;-0.1;0.1;0.0;-0.0;0.0;-0.0;0.7311784029006958;0.22376760482788086
234.27817271919938;-0.1;0.1;0.0;-0.0;0.0;-0.0;0.7362866997718811;0.23047836303710936
234.30721919723047;-0.1;0.1;0.1;-0.0;0.0;-0.0;0.7225809693336487;0.23174760818481446
234.3743265775092;-0.1;0.1;0.1;-0.0;0.0;-0.0;0.7161153554916382;0.2312990379333496
234.44043235509724;-0.1;0.1;0.1;-0.0;0.0;-0.0;0.7358149290084839;0.23896455764770508
234.47348524389125;-0.1;0.1;0.1;-0.0;0.0;-0.0;0.7360996007919312;0.23783201217651367
234.54159422686072;-0.1;0.1;0.1;-0.0;0.0;-0.0;0.7045878767967224;0.23269922256469727
234.60870160713947;-0.1;0.1;0.1;-0.0;0.0;-0.0;0.7075119614601135;0.22464414596557616
234.67280417934603;-0.1;0.1;0.1;-0.0;0.0;-0.0;0.7762811779975891;0.22481002807617187
234.70585706814003;-0.1;0.1;0.1;-0.0;0.0;-0.0;0.7271785736083984;0.23950159072875976
234.7739660511095;-0.1;0.1;0.1;-0.0;0.0;-0.0;0.7550721168518066;0.2535226821899414
234.84107343138828;-0.1;0.0;0.1;-0.0;0.0;-0.0;0.7302440404891968;0.28204179763793946
234.90517600359485;-0.1;0.0;0.1;-0.0;0.0;-0.0;0.7006705403327942;0.28868904113769533
234.97128178118285;-0.1;0.0;0.1;-0.0;0.0;-0.0;0.7522233724594116;0.29173295974731445
235.00433466997686;-0.1;0.0;0.1;-0.0;0.0;-0.0;0.7542303800582886;0.2942646598815918
235.0423955722245;-0.1;0.0;0.1;-0.0;0.0;-0.0;0.747102677822113;0.29409399032592776
235.10649814443107;-0.1;0.0;0.1;-0.0;0.0;-0.0;0.7127295136451721;0.2957687187194824
235.17360552470984;-0.1;0.0;0.1;-0.0;0.0;-0.0;0.7730098366737366;0.29333539962768557
235.2387096996071;-0.1;0.0;0.1;-0.0;0.0;-0.0;0.7710235118865967;0.280748291015625
235.27176258840115;-0.1;0.0;0.1;-0.0;0.0;-0.0;0.7392632961273193;0.2764731025695801
235.33686676329842;-0.1;0.2;0.1;0.0;0.0;0.0;0.7328523993492126;0.26558225631713867
235.43903023775263;-0.0;0.6;0.1;0.0;-0.0;-0.0;0.7832241058349609;0.2506387138366699
235.53618569875323;-0.1;1.1;0.1;0.0;-0.0;-0.0;0.8462769389152527;0.24272401809692382
235.63634596782597;-0.1;1.5;0.2;0.0;-0.0;-0.0;0.8502991199493408;0.23247255325317384
235.73750783958945;-0.1;2.2;0.1;0.1;-0.0;-0.0;0.8580740094184875;0.22645919799804687
235.86871779207476;-0.1;3.0;0.0;0.0;0.0;-0.0;0.8721988201141357;0.21651519775390626
236.00193094994154;-0.1;3.7;0.1;-0.0;0.0;0.0;0.9023318886756897;0.2207469177246094
236.13614571049902;-0.1;4.2;0.1;0.0;0.0;-0.0;0.9043557643890381;0.24104528427124022
236.23730758226253;-0.1;4.7;0.1;0.0;0.0;-0.0;0.9099295735359192;0.24818262100219726
236.3675159320571;-0.1;5.4;0.1;0.0;0.0;-0.0;0.9217292070388794;0.26301261901855466
236.47068100920205;-0.1;5.8;0.1;0.0;0.0;-0.1;0.9062729477882385;0.26607341766357423
236.5708412782748;-0.1;6.4;0.0;0.0;-0.1;0.0;0.8599979877471924;0.2545609474182129
236.73510411955414;-0.1;7.3;0.1;0.0;-0.0;0.0;0.8805103898048401;0.23846965789794922
236.87032048280236;-0.1;8.0;0.1;0.0;-0.0;-0.0;0.9246963858604431;0.2421588134765625
236.96847754649366;-0.1;8.5;0.1;0.1;0.0;-0.0;0.9078545570373535;0.24698753356933595
237.06563300749423;-0.1;9.0;0.0;0.0;0.0;-0.0;0.9240743517875671;0.24478431701660155
237.198846165361;-0.1;9.7;0.0;0.0;0.1;-0.0;0.9400887489318848;0.2374143409729004
237.29800483174304;-0.1;10.1;0.1;0.0;-0.0;0.0;0.9137946367263794;0.23284109115600585
237.43322119499126;-0.1;10.9;0.0;0.0;0.0;0.0;0.9451444745063782;0.213154296875
237.53137825868257;-0.1;11.4;0.0;-0.0;0.0;-0.1;0.9299595952033997;0.2288869094848633
237.66759622462152;-0.1;12.1;0.1;-0.0;0.0;-0.1;0.9295412302017212;0.23141881942749024
237.76775649369426;-0.1;12.6;0.1;-0.0;0.0;-0.1;0.9392532706260681;0.22410951614379881
237.86391035200413;-0.2;13.0;0.1;0.0;0.0;-0.1;0.924694836139679;0.2238497543334961
237.9650722237676;-0.1;13.4;0.0;-0.0;0.0;-0.0;0.89417964220047;0.2247140884399414
238.0632292874589;-0.2;14.0;0.1;0.0;-0.0;-0.1;0.8771883845329285;0.2388688087463379
238.1964424453257;-0.1;14.8;0.1;0.0;-0.0;-0.0;0.8818432092666626;0.2323974609375
238.2956011117077;-0.1;15.3;0.1;-0.0;-0.0;-0.0;0.9202744960784912;0.23352352142333985
238.43081747495594;-0.1;16.0;0.0;0.0;0.0;-0.0;0.9371392130851746;0.23997968673706055
238.563029030132;-0.2;16.6;0.0;0.0;0.0;0.0;0.9322257041931152;0.24941144943237303
238.695240585308;-0.2;17.4;0.0;-0.0;0.1;-0.0;0.94845050573349;0.24150285720825196
238.79840566245295;-0.2;17.8;0.1;-0.0;0.1;-0.0;0.9218189120292664;0.24034120559692382
238.8945595207628;-0.2;18.3;0.0;0.0;0.0;-0.1;0.9250357747077942;0.22661640167236327
239.02777267862956;-0.2;19.1;0.0;-0.0;0.0;-0.0;0.8864827752113342;0.20932405471801757
239.1309377557745;-0.2;19.6;0.0;-0.0;-0.0;-0.0;0.8753836750984192;0.19064895629882814
239.22709161408437;-0.2;20.1;0.1;0.0;0.0;-0.0;0.8563584685325623;0.18740793228149413
239.32625028046638;-0.2;20.5;0.1;-0.0;0.0;-0.1;0.8685306310653687;0.1990719223022461
239.46346984909607;-0.1;21.2;0.1;0.0;0.0;-0.0;0.8569061756134033;0.20080390930175782
239.56062531009664;-0.1;21.7;0.1;0.1;-0.0;-0.0;0.8391508460044861;0.191993408203125
239.69283686527268;-0.1;22.3;0.1;0.0;-0.0;-0.1;0.868690550327301;0.1959494972229004
239.79199553165472;-0.1;23.1;0.0;-0.0;-0.0;-0.1;0.9083560109138489;0.1927668571472168
239.92721189490294;-0.1;23.8;0.1;0.0;0.0;-0.1;0.880621612071991;0.20830801010131836
240.05742024469754;-0.2;24.5;0.0;-0.0;0.0;-0.1;0.8595654964447021;0.2098897171020508
240.19163500525502;-0.2;25.1;0.0;-0.0;0.0;-0.1;0.8843629360198975;0.20718744277954101
240.29079367163706;-0.2;25.5;0.0;-0.0;0.0;-0.1;0.8673982620239258;0.1967325782775879
240.39395874878198;-0.2;25.9;0.1;0.0;0.0;-0.1;0.8764830827713013;0.18382221221923828
240.45806132098855;-0.1;26.2;0.1;0.0;-0.0;-0.0;0.8818110823631287;0.19193029403686523
240.55621838467988;-0.1;26.9;0.1;0.0;-0.1;0.0;0.8857033848762512;0.2141164207458496
240.68943154254663;-0.1;27.6;0.0;0.0;-0.0;0.0;0.8793707489967346;0.24582958221435547
240.79259661969158;-0.1;28.0;0.0;0.0;0.0;-0.0;0.8765956163406372;0.2511188697814941
240.8917552860736;-0.2;28.5;-0.0;0.0;-0.0;-0.0;0.8775749206542969;0.24766504287719726
241.02496844394037;-0.2;29.3;0.0;-0.0;0.0;-0.1;0.9101252555847168;0.23727081298828126
241.12112230225023;-0.1;29.8;0.0;-0.0;-0.0;-0.0;0.8989498019218445;0.24266117095947265
241.22128257132297;-0.2;29.9;0.0;-0.0;-0.0;-0.0;0.9312617778778076;0.2404705047607422
241.320441237705;-0.2;29.9;0.0;-0.0;-0.0;-0.0;0.9492021799087524;0.23488971710205078
241.35850213995266;-0.2;29.7;-0.0;0.0;-0.0;0.0;0.8946990370750427;0.24599346160888672
241.4536543955718;-0.1;29.1;-0.1;0.1;0.1;-0.0;0.9294930696487427;0.23943305969238282
241.55481626733527;-0.1;28.5;-0.2;0.3;0.0;-0.1;0.8745521306991577;0.229344425201416
241.68602621982058;-0.1;27.5;-0.3;0.4;0.0;-0.0;0.8637779355049133;0.22296419143676757
241.8532938691721;-0.2;26.3;-0.4;0.7;0.0;0.0;0.861070990562439;0.23984285354614257
242.0205615185236;-0.2;25.1;-0.4;0.9;0.0;-0.0;0.9179495573043823;0.2419123649597168
242.15277307369962;-0.2;24.1;-0.6;1.1;0.1;-0.1;0.9070860147476196;0.2416143798828125
242.28899103963857;-0.2;23.1;-0.7;1.3;0.1;-0.0;0.8919550776481628;0.24750589370727538
242.41819778674244;-0.2;22.2;-0.8;1.5;0.0;-0.0;0.8786771893501282;0.2530781364440918
242.55541735537213;-0.3;21.3;-0.8;1.7;-0.0;-0.1;0.8921031951904297;0.27045377731323245
242.65056961099125;-0.3;20.5;-0.9;1.9;0.1;-0.0;0.9041168689727783;0.25596563339233397
242.81883886303348;-0.2;19.3;-0.9;2.2;0.1;-0.1;0.9153391122817993;0.24695899963378906
242.95105041820952;-0.2;18.3;-1.0;2.4;0.0;-0.1;0.9089241623878479;0.24881614685058595
243.11831806756103;-0.2;17.1;-1.1;2.6;-0.0;-0.1;0.9817017912864685;0.23961372375488282
243.25153122542778;-0.2;16.2;-1.2;2.8;0.0;-0.1;0.9214718341827393;0.21351137161254882
243.35068989180982;-0.2;15.5;-1.2;3.0;0.0;-0.1;0.8987399339675903;0.21273637771606446
243.48089824160442;-0.2;14.6;-1.3;3.1;0.1;-0.1;0.9261603951454163;0.21705604553222657
243.61411139947117;-0.2;13.5;-1.3;3.4;0.0;-0.1;0.9430213570594788;0.21916250228881837
243.74832616002868;-0.2;12.7;-1.3;3.6;-0.0;0.0;0.9609530568122864;0.2543752098083496
243.88153931789543;-0.2;11.7;-1.3;3.8;0.0;-0.0;0.9645349979400635;0.27293975830078127
244.0478053645562;-0.3;10.6;-1.4;4.0;0.1;-0.1;0.9538984298706055;0.2746976661682129
244.18202012511372;-0.2;9.6;-1.4;4.2;-0.0;-0.0;0.9629697203636169;0.28487268447875974
244.28017718880503;-0.2;8.8;-1.4;4.4;0.0;-0.1;0.9872432351112366;0.284783935546875
244.41639515474398;-0.2;7.9;-1.4;4.6;0.0;-0.0;0.9627569317817688;0.2691788101196289
244.57965639333258;-0.2;6.8;-1.4;4.9;0.1;-0.1;0.9732400178909302;0.2719265556335449
244.74592243999336;-0.1;5.6;-1.4;5.1;-0.0;-0.1;1.000530481338501;0.26406427383422854
244.9111868839634;-0.2;4.4;-1.4;5.4;-0.0;-0.1;0.9855859279632568;0.28459413528442384
245.08045773869637;-0.1;3.2;-1.4;5.6;0.0;-0.1;1.0072592496871948;0.30644287109375
245.21467249925385;-0.2;2.3;-1.4;5.9;0.1;-0.1;1.0897926092147827;0.31197675704956057
245.34988886250207;-0.2;1.4;-1.3;6.1;0.0;-0.0;1.0121395587921143;0.2586204147338867
245.47508919884302;-0.2;0.4;-1.4;6.3;0.0;-0.0;1.0495479106903076;0.24603639602661131
245.61130716478198;-0.1;-0.6;-1.4;6.5;0.1;-0.1;1.0901333093643188;0.24728965759277344
245.77657160875202;-0.2;-1.8;-1.3;6.8;0.0;-0.0;1.0678633451461792;0.2441384506225586
245.91078636930953;-0.1;-2.7;-1.3;7.0;0.0;-0.1;1.0704373121261597;0.24116376876831055
246.07404760789814;-0.1;-3.8;-1.3;7.2;0.0;-0.0;1.1218867301940918;0.22854146957397461
246.20826236845562;-0.2;-4.7;-1.1;7.5;0.0;-0.0;1.5374724864959717;0.21268779754638673
246.34047392363166;-0.1;-5.7;-1.1;7.7;0.1;-0.1;1.1173003911972046;0.21257783889770507
246.50774157298318;-0.1;-6.7;-1.0;7.9;0.0;-0.0;1.135191798210144;0.22422382354736328
246.64395953892213;-0.1;-7.7;-0.9;8.2;-0.0;-0.0;1.2064706087112427;0.2408177947998047
246.80922398289218;-0.1;-8.8;-0.9;8.5;0.0;-0.0;1.3370834589004517;0.2258301544189453
246.94043393537748;-0.1;-9.7;-0.8;8.7;0.1;-0.1;1.2505743503570557;0.2124430465698242
247.0716438878628;-0.1;-10.6;-0.8;8.8;0.1;-0.1;1.183454155921936;0.20090356826782227
247.17280575962627;-0.1;-11.4;-0.7;9.0;0.0;-0.1;1.2355759143829346;0.1936486053466797
247.33907180628705;-0.1;-12.5;-0.6;9.3;0.0;-0.1;1.3579738140106201;0.19670385360717774
247.47128336146312;-0.1;-13.4;-0.5;9.5;-0.0;-0.0;1.6079131364822388;0.20626712799072267
247.63955261350534;-0.1;-14.5;-0.4;9.8;0.0;-0.1;1.3499444723129272;0.23567596435546875
247.7717641686814;-0.1;-15.4;-0.4;10.0;0.0;0.0;1.3462380170822144;0.23880949020385742
247.9390318180329;-0.1;-16.6;-0.3;10.2;0.0;-0.0;1.441085934638977;0.24326690673828125
248.06924016782747;-0.1;-17.4;-0.1;10.5;0.0;-0.0;1.3329464197158813;0.23906333923339843
248.23550621448825;-0.1;-18.5;0.0;10.7;0.0;-0.0;1.3849271535873413;0.22500484466552734
248.33666808625173;-0.1;-19.3;0.1;10.9;0.0;-0.0;1.4693174362182617;0.2636637878417969
248.50293413291251;-0.1;-20.4;0.3;11.2;0.0;-0.1;1.5736337900161743;0.2874432563781738
248.63815049616073;-0.1;-21.2;0.4;11.4;0.1;-0.0;1.7912076711654663;0.2976005363464356
248.76936044864607;-0.1;-22.2;0.6;11.6;0.1;-0.0;1.678453803062439;0.2911250305175781
248.93362328992538;-0.1;-23.2;0.7;11.9;0.1;-0.0;1.533674716949463;0.25271385192871093
249.06984125586433;-0.1;-24.1;0.9;12.1;0.0;-0.1;1.696491003036499;0.24410831451416015
249.20405601642182;-0.1;-25.1;1.0;12.3;0.0;-0.1;1.852367877960205;0.2584889602661133
249.3372691742886;-0.1;-26.0;1.2;12.5;0.1;-0.0;1.796195149421692;0.2768958854675293
249.46547431870172;-0.1;-26.8;1.3;12.8;0.0;-0.1;1.860587239265442;0.2738466453552246
249.59768587387777;-0.0;-27.7;1.4;13.0;0.0;-0.1;1.8439326286315918;0.2630346870422363
249.76495352322928;-0.1;-28.7;1.6;13.3;0.0;-0.0;1.7910645008087158;0.27238964080810546
249.9001698864775;-0.0;-29.6;1.8;13.5;0.0;-0.0;1.8953437805175781;0.2979962158203125
250.03538624972572;-0.0;-30.6;2.0;13.7;0.0;-0.1;1.851241946220398;0.3045249176025391
250.16359139413885;-0.0;-31.5;2.2;13.9;0.1;-0.0;1.9153919219970703;0.298221492767334
250.32985744079963;-0.0;-32.6;2.4;14.1;0.0;-0.0;1.9333171844482422;0.2869145965576172
250.46206899597567;-0.0;-33.5;2.7;14.5;0.0;-0.1;2.154543876647949;0.251705493927002
250.5972853592239;0.0;-34.3;2.8;14.6;0.0;-0.1;2.0115294456481934;0.26634605407714845
250.6954424229152;-0.0;-35.0;3.0;14.8;-0.0;-0.1;2.057950019836426;0.26593196868896485
250.86471327764815;0.0;-36.0;3.3;15.1;0.0;-0.1;2.214176654815674;0.26339967727661134
250.99892803820566;-0.0;-36.8;3.5;15.3;-0.0;-0.1;2.057413101196289;0.27671939849853516
251.12913638800023;0.0;-36.9;3.5;15.3;-0.0;-0.1;2.1223549842834473;0.27153736114501953
251.1932389602068;-0.0;-36.9;3.5;15.3;-0.0;-0.1;2.050185441970825;0.2679705810546875
251.29339922927957;0.1;-37.0;3.5;15.4;-0.1;-0.1;2.153681993484497;0.2724606895446777
251.39355949835232;0.0;-37.0;3.5;15.4;-0.3;-0.2;2.1197614669799805;0.2681851577758789
251.49271816473436;0.0;-37.0;3.6;15.4;-0.3;-0.2;2.077463150024414;0.26957555770874025
251.59287843380713;-0.0;-37.0;3.6;15.4;-0.4;-0.3;2.136159658432007;0.2536545562744141
251.66299062215805;0.0;-37.0;3.6;15.4;-0.4;-0.4;2.0791239738464355;0.24033910751342774
251.75914448046788;0.0;-37.0;3.5;15.4;-0.6;-0.5;2.062981367111206;0.24247510910034178
251.89235763833466;-0.0;-37.1;3.5;15.4;-0.8;-0.6;2.047356367111206;0.24473546981811523
251.99351951009814;-0.0;-37.1;3.5;15.4;-1.0;-0.7;2.0488338470458984;0.24138982772827147
252.0936797791709;-0.0;-37.1;3.5;15.4;-1.0;-0.8;2.163733720779419;0.2464847183227539
252.22488973165622;-0.1;-37.1;3.6;15.4;-1.1;-0.8;2.294139862060547;0.23508672714233397
252.32404839803826;0.0;-37.0;3.6;15.4;-1.1;-0.8;2.130521059036255;0.22583253860473632
252.42821507787392;-0.0;-37.0;3.5;15.4;-1.1;-0.9;2.1160805225372314;0.23279701232910155
252.55642022228704;-0.0;-37.1;3.6;15.4;-1.2;-0.8;2.150526285171509;0.21161657333374023
252.6886317774631;-0.1;-37.1;3.5;15.4;-1.2;-0.8;2.1236534118652344;0.21065166473388672
252.79179685460804;-0.0;-37.1;3.5;15.4;-1.2;-0.8;2.023242235183716;0.2145915412902832
252.92601161516552;0.0;-37.0;3.5;15.4;-1.2;-0.8;2.117169141769409;0.23040950775146485
253.0552183622694;-0.0;-37.1;3.5;15.4;-1.2;-0.8;2.1542184352874756;0.22697397232055663
253.18843152013616;-0.0;-37.1;3.6;15.4;-1.2;-0.8;1.8566430807113647;0.22353551864624024
253.28759018651817;0.0;-37.1;3.5;15.4;-1.1;-0.9;2.172847270965576;0.21900455474853517
253.42080334438495;0.0;-37.0;3.5;15.4;-1.1;-0.8;2.0875301361083984;0.2160172653198242
253.553014899561;0.0;-37.0;3.6;15.4;-1.1;-0.8;2.2035741806030273;0.22057079315185546
253.65417677132447;0.0;-37.1;3.6;15.4;-1.1;-0.8;2.141113758087158;0.24012964248657226
253.78738992919125;0.1;-37.1;3.5;15.4;-1.2;-0.8;2.1484482288360596;0.25801576614379884
253.92160468974873;0.0;-37.0;3.5;15.4;-1.2;-0.8;2.030452013015747;0.25202362060546873
254.0538162449248;-0.0;-37.1;3.5;15.4;-1.2;-0.8;2.107499837875366;0.24632211685180663
254.18602780010082;-0.0;-37.1;3.6;15.4;-1.2;-0.8;2.027106523513794;0.2415573501586914
254.28718967186433;0.0;-37.0;3.5;15.4;-1.2;-0.8;2.044499397277832;0.24322107315063476
254.45245411583437;-0.0;-37.0;3.6;15.4;-1.1;-0.8;2.2203235626220703;0.24040464401245118
254.55361598759785;-0.0;-37.0;3.6;15.4;-1.2;-0.8;2.172386646270752;0.23192424774169923
254.68382433739245;-0.0;-37.0;3.6;15.4;-1.1;-0.9;2.0014302730560303;0.23185348510742188
254.8170374952592;0.0;-37.0;3.6;15.4;-1.1;-0.8;2.1750571727752686;0.22149110794067384
254.9512522558167;0.0;-37.0;3.6;15.4;-1.1;-0.8;2.1503000259399414;0.222355899810791
255.0854670163742;0.0;-37.1;3.6;15.4;-1.2;-0.9;2.1183624267578125;0.20095460891723632
255.21767857155024;-0.0;-37.1;3.6;15.4;-1.1;-0.9;2.032130002975464;0.21812522888183594
255.31583563524154;0.0;-37.0;3.6;15.4;-1.1;-0.8;2.2452173233032227;0.22667428970336914
255.44804719041758;0.0;-37.0;3.5;15.4;-1.2;-0.8;2.097336769104004;0.23236562728881835
255.58426515635654;-0.0;-37.1;3.5;15.4;-1.1;-0.8;2.1505796909332275;0.22552827835083009
255.7174783142233;-0.0;-37.1;3.6;15.4;-1.2;-0.8;2.2392570972442627;0.23271869659423827
255.84668506132715;0.0;-37.1;3.6;15.4;-1.2;-0.9;1.8422746658325195;0.24265718460083008
255.9819014245754;0.0;-37.1;3.6;15.4;-1.2;-0.8;2.275367259979248;0.267662296295166
256.1131113770607;0.0;-37.0;3.5;15.4;-1.2;-0.9;2.189000129699707;0.24689001083374024
256.2483277403089;0.0;-37.0;3.6;15.4;-1.1;-0.9;2.0105090141296387;0.24361846923828126
256.38053929548494;0.0;-37.0;3.6;15.4;-1.1;-0.8;2.0717151165008545;0.24183568954467774
256.5117492479703;0.0;-37.0;3.6;15.4;-1.1;-0.9;2.131028890609741;0.23140878677368165
256.61190951704305;0.0;-37.2;3.5;15.4;-1.1;-0.8;2.2096102237701416;0.22106163024902345
256.74912908567273;0.0;-37.8;3.7;15.4;-1.4;-1.0;2.168349504470825;0.22092939376831056
256.880339038158;0.0;-38.4;3.8;15.4;-1.4;-1.0;2.2083771228790283;0.24718820571899414
257.0105473879526;0.0;-38.9;4.0;15.3;-1.5;-1.0;2.0541274547576904;0.26893064498901365
257.1107076570254;0.1;-39.4;4.1;15.3;-1.6;-1.0;2.0124993324279785;0.2745787048339844
257.27597210099543;0.1;-40.2;4.4;15.3;-1.5;-1.1;2.107712507247925;0.2715722846984863
257.4101868615529;0.1;-41.0;4.6;15.3;-1.5;-1.1;2.1431074142456055;0.2523751068115234
257.5474064301826;0.1;-41.6;4.7;15.3;-1.5;-1.0;2.135326862335205;0.2436966323852539
257.67561157459573;0.0;-41.9;4.8;15.4;-1.6;-1.1;2.0754432678222656;0.2309090995788574
257.8088247324625;0.0;-41.9;4.8;15.4;-1.7;-1.0;2.2532613277435303;0.23255098342895508
257.976092381814;0.0;-41.9;4.8;15.3;-1.6;-1.0;2.193075180053711;0.21440494537353516
258.10730233429933;0.0;-41.9;4.8;15.3;-1.6;-1.1;2.096897840499878;0.21105718612670898
258.20746260337205;-0.0;-42.0;4.8;15.4;-1.6;-1.1;2.1359739303588867;0.23037187576293947
258.3757318554143;-0.0;-42.0;4.9;15.4;-1.6;-1.0;2.0676193237304688;0.21903036117553712
258.5059402052089;0.0;-41.9;4.8;15.4;-1.6;-1.1;2.107344150543213;0.23606409072875978
258.6411565684571;0.0;-41.9;4.8;15.4;-1.6;-1.1;2.2100539207458496;0.25650266647338865
258.7733681236332;0.0;-41.9;4.8;15.4;-1.5;-1.1;1.9898031949996948;0.2628643608093262
258.94063577298465;0.0;-41.8;4.8;15.4;-1.5;-1.1;1.988545298576355;0.24604143142700197
259.03879283667595;0.0;-41.9;4.8;15.4;-1.5;-1.1;2.0479214191436768;0.23910446166992189
259.20505888333673;0.0;-41.9;4.9;15.4;-1.5;-1.1;2.0551044940948486;0.23457670211791992
259.3412768492757;0.0;-41.8;4.9;15.4;-1.5;-1.0;2.127129077911377;0.22587385177612304
259.4744900071425;0.0;-41.9;4.8;15.4;-1.6;-1.0;2.135998487472534;0.2152420997619629
259.6067015623185;0.0;-41.9;4.8;15.4;-1.6;-1.0;2.0021438598632812;0.21878067016601563
259.7389131174946;0.0;-41.9;4.8;15.4;-1.5;-1.1;2.3615787029266357;0.211552734375
259.87312787805206;0.0;-41.9;4.8;15.4;-1.5;-1.1;1.944747805595398;0.21769462585449217
260.0023346251559;0.0;-41.5;4.8;15.5;-1.6;-1.1;2.1528396606445312;0.2143023681640625
260.1365493857134;0.0;-40.9;4.6;15.5;-1.6;-1.1;2.1894519329071045;0.20949151992797851
260.26775933819874;-0.0;-40.1;4.4;15.4;-1.6;-1.1;2.1798579692840576;0.2025115394592285
260.4340253848595;0.0;-39.3;4.2;15.5;-1.6;-1.1;2.0623202323913574;0.20704504013061523
260.5672385427263;-0.1;-38.7;4.0;15.5;-1.6;-1.1;2.1745331287384033;0.22835357666015624
260.6704036198712;-0.0;-38.3;3.9;15.4;-1.5;-1.1;2.0399017333984375;0.23732366561889648
260.803616777738;-0.1;-37.6;3.7;15.5;-1.6;-1.1;2.1789982318878174;0.24914031982421875
260.93282352484187;-0.1;-37.3;3.6;15.5;-1.6;-1.1;2.1559033393859863;0.23572603225708008
261.06703828539935;-0.1;-37.2;3.5;15.4;-1.6;-1.1;2.261939764022827;0.23028985977172853
261.2032562513383;-0.1;-37.2;3.5;15.4;-1.5;-1.2;2.185943126678467;0.24394779205322265
261.33246299844217;-0.0;-37.2;3.6;15.4;-1.6;-1.1;2.189319372177124;0.24579872131347658
261.46667775899965;-0.1;-37.1;3.6;15.5;-1.5;-1.1;2.1703503131866455;0.2541958999633789
261.59888931417566;-0.1;-37.1;3.6;15.5;-1.6;-1.1;1.9260492324829102;0.2503095245361328
261.76515536083645;-0.1;-37.1;3.6;15.4;-1.6;-1.1;2.2713632583618164;0.2593635368347168
261.899370121394;-0.1;-37.1;3.6;15.4;-1.5;-1.1;2.254333257675171;0.27499343872070314
262.03058007387926;-0.1;-37.1;3.7;15.5;-1.5;-1.1;2.0455620288848877;0.27228517532348634
262.12873713757057;-0.0;-37.1;3.6;15.5;-1.6;-1.1;2.211639165878296;0.25940130233764647
262.3030160057572;-0.1;-37.1;3.5;15.4;-1.5;-1.1;2.1544642448425293;0.2425395965576172
262.43021954747957;-0.1;-37.1;3.6;15.4;-1.5;-1.1;2.0328128337860107;0.23686391830444337
262.56243110265564;-0.1;-37.1;3.6;15.4;-1.6;-1.1;2.286289930343628;0.24313558578491212
262.6956442605224;-0.1;-37.2;3.6;15.5;-1.5;-1.2;2.0676169395446777;0.23753690719604492
262.82885741838913;-0.0;-37.1;3.6;15.5;-1.6;-1.1;2.176866292953491;0.2542612075805664
262.9650753843281;-0.1;-37.1;3.5;15.4;-1.5;-1.1;2.133559226989746;0.26007015228271485
263.09728693950416;-0.1;-37.1;3.6;15.4;-1.5;-1.1;2.087817907333374;0.28352506637573244
263.26154978078347;-0.1;-37.1;3.6;15.4;-1.6;-1.1;2.182117223739624;0.2949410629272461
263.3967661440317;-0.1;-37.1;3.6;15.5;-1.5;-1.1;2.246807813644409;0.2873701286315918
263.49392160503226;-0.0;-37.1;3.6;15.5;-1.5;-1.1;2.2614316940307617;0.27574493408203127
263.6291379682805;-0.1;-37.1;3.6;15.5;-1.6;-1.1;2.1138062477111816;0.24705303192138672
